OrderID,CustomerID,OrderDate,ProductType,OrderValue
ORDER00001,CUST0259,2025-02-10 08:13:55.805318,Canvas Print,45.41
ORDER00002,CUST0161,2025-10-14 08:13:55.805318,Poster,13.71
ORDER00003,CUST0178,2025-07-28 08:13:55.805318,Business Card,11.66
ORDER00004,CUST0010,2025-02-14 08:13:55.805318,Flyer,9.07
ORDER00005,CUST0261,2025-01-10 08:13:55.805318,Flyer,11.16
ORDER00006,CUST0138,2025-05-07 08:13:55.805318,Poster,15.44
ORDER00007,CUST0172,2024-11-20 08:13:55.805318,Business Card,12.76
ORDER00008,CUST0013,2025-02-10 08:13:55.805318,Poster,13.51
ORDER00009,CUST0168,2025-03-01 08:13:55.805318,Canvas Print,35.52
ORDER00010,CUST0130,2025-06-02 08:13:55.805318,Photo Book,24.88
ORDER00011,CUST0084,2025-09-26 08:13:55.805318,Flyer,10.95
ORDER00012,CUST0101,2025-01-26 08:13:55.805318,Canvas Print,40.4
ORDER00013,CUST0273,2025-02-07 08:13:55.805318,Photo Book,20.33
ORDER00014,CUST0265,2025-10-25 08:13:55.805318,Canvas Print,45.9
ORDER00015,CUST0038,2025-03-31 08:13:55.805318,Business Card,9.91
ORDER00016,CUST0094,2025-03-10 08:13:55.805318,Flyer,11.82
ORDER00017,CUST0095,2025-03-29 08:13:55.805318,Poster,12.15
ORDER00018,CUST0069,2025-09-04 08:13:55.805318,Poster,16.17
ORDER00019,CUST0236,2025-07-15 08:13:55.805318,Photo Book,20.82
ORDER00020,CUST0137,2025-10-09 08:13:55.805318,Greeting Card,5.82
ORDER00021,CUST0076,2025-08-20 08:13:55.805318,Business Card,11.83
ORDER00022,CUST0035,2025-05-10 08:13:55.805318,Photo Book,21.38
ORDER00023,CUST0001,2025-08-03 08:13:55.805318,Greeting Card,4.68
ORDER00024,CUST0296,2025-04-09 08:13:55.805318,Canvas Print,34.64
ORDER00025,CUST0060,2025-09-09 08:13:55.805318,Business Card,10.42
ORDER00026,CUST0267,2024-11-21 08:13:55.805318,Canvas Print,47.17
ORDER00027,CUST0229,2025-07-10 08:13:55.805318,Flyer,9.78
ORDER00028,CUST0270,2025-06-23 08:13:55.805318,Business Card,13.39
ORDER00029,CUST0286,2025-10-10 08:13:55.805318,Greeting Card,5.28
ORDER00030,CUST0291,2024-12-18 08:13:55.805318,Flyer,10.71
ORDER00031,CUST0213,2024-12-28 08:13:55.805318,Poster,12.79
ORDER00032,CUST0165,2025-04-18 08:13:55.805318,Greeting Card,4.47
ORDER00033,CUST0005,2025-05-06 08:13:55.805318,Photo Book,27.87
ORDER00034,CUST0078,2025-07-28 08:13:55.805318,Poster,17.82
ORDER00035,CUST0062,2025-05-08 08:13:55.805318,Poster,13.58
ORDER00036,CUST0132,2025-04-23 08:13:55.805318,Photo Book,22.72
ORDER00037,CUST0089,2024-12-20 08:13:55.805318,Business Card,11.87
ORDER00038,CUST0237,2025-10-29 08:13:55.805318,Poster,17.9
ORDER00039,CUST0042,2024-12-24 08:13:55.805318,Greeting Card,4.54
ORDER00040,CUST0089,2025-07-01 08:13:55.805318,Flyer,9.63
ORDER00041,CUST0296,2025-09-15 08:13:55.805318,Poster,17.35
ORDER00042,CUST0295,2025-03-10 08:13:55.805318,Greeting Card,4.01
ORDER00043,CUST0104,2025-09-02 08:13:55.805318,Canvas Print,32.64
ORDER00044,CUST0014,2025-03-14 08:13:55.805318,Greeting Card,5.21
ORDER00045,CUST0288,2024-11-20 08:13:55.805318,Flyer,11.63
ORDER00046,CUST0179,2025-09-24 08:13:55.805318,Greeting Card,4.48
ORDER00047,CUST0125,2025-04-15 08:13:55.805318,Photo Book,24.7
ORDER00048,CUST0023,2025-07-31 08:13:55.805318,Flyer,9.8
ORDER00049,CUST0063,2025-01-27 08:13:55.805318,Business Card,11.87
ORDER00050,CUST0143,2025-09-11 08:13:55.805318,Canvas Print,41.96
ORDER00051,CUST0153,2024-11-13 08:13:55.805318,Photo Book,24.7
ORDER00052,CUST0145,2025-06-29 08:13:55.805318,Business Card,11.75
ORDER00053,CUST0225,2025-07-22 08:13:55.805318,Greeting Card,4.95
ORDER00054,CUST0104,2025-10-11 08:13:55.805318,Flyer,10.36
ORDER00055,CUST0104,2024-12-22 08:13:55.805318,Canvas Print,40.59
ORDER00056,CUST0039,2025-10-05 08:13:55.805318,Photo Book,28.54
ORDER00057,CUST0198,2025-01-30 08:13:55.805318,Business Card,9.84
ORDER00058,CUST0134,2025-07-21 08:13:55.805318,Business Card,13.6
ORDER00059,CUST0067,2024-12-04 08:13:55.805318,Canvas Print,45.5
ORDER00060,CUST0179,2025-05-24 08:13:55.805318,Greeting Card,4.57
ORDER00061,CUST0042,2025-01-19 08:13:55.805318,Canvas Print,39.41
ORDER00062,CUST0015,2024-12-19 08:13:55.805318,Business Card,11.7
ORDER00063,CUST0111,2025-10-25 08:13:55.805318,Poster,13.31
ORDER00064,CUST0157,2024-11-01 08:13:55.805318,Photo Book,23.97
ORDER00065,CUST0289,2024-12-23 08:13:55.805318,Canvas Print,32.71
ORDER00066,CUST0231,2025-02-13 08:13:55.805318,Business Card,10.93
ORDER00067,CUST0157,2025-07-17 08:13:55.805318,Greeting Card,5.63
ORDER00068,CUST0038,2025-09-05 08:13:55.805318,Business Card,10.97
ORDER00069,CUST0097,2025-05-09 08:13:55.805318,Greeting Card,5.64
ORDER00070,CUST0289,2025-06-05 08:13:55.805318,Canvas Print,40.51
ORDER00071,CUST0254,2024-12-13 08:13:55.805318,Greeting Card,5.76
ORDER00072,CUST0196,2025-04-10 08:13:55.805318,Flyer,10.3
ORDER00073,CUST0086,2025-05-20 08:13:55.805318,Flyer,8.12
ORDER00074,CUST0010,2025-07-27 08:13:55.805318,Flyer,10.7
ORDER00075,CUST0005,2025-10-16 08:13:55.805318,Poster,12.27
ORDER00076,CUST0123,2025-08-30 08:13:55.805318,Canvas Print,39.21
ORDER00077,CUST0118,2025-07-28 08:13:55.805318,Business Card,14.06
ORDER00078,CUST0294,2025-06-02 08:13:55.805318,Business Card,10.39
ORDER00079,CUST0159,2025-07-09 08:13:55.805318,Poster,14.34
ORDER00080,CUST0228,2025-05-08 08:13:55.805318,Greeting Card,5.46
ORDER00081,CUST0216,2025-08-22 08:13:55.805318,Poster,17.29
ORDER00082,CUST0184,2025-05-31 08:13:55.805318,Greeting Card,5.34
ORDER00083,CUST0015,2025-05-26 08:13:55.805318,Greeting Card,4.52
ORDER00084,CUST0157,2025-06-24 08:13:55.805318,Photo Book,26.75
ORDER00085,CUST0136,2025-10-03 08:13:55.805318,Business Card,11.02
ORDER00086,CUST0261,2024-12-22 08:13:55.805318,Flyer,10.87
ORDER00087,CUST0157,2025-08-06 08:13:55.805318,Greeting Card,5.91
ORDER00088,CUST0047,2025-06-04 08:13:55.805318,Photo Book,27.21
ORDER00089,CUST0173,2025-07-09 08:13:55.805318,Business Card,13.74
ORDER00090,CUST0130,2025-05-06 08:13:55.805318,Flyer,8.01
ORDER00091,CUST0095,2024-12-10 08:13:55.805318,Greeting Card,5.44
ORDER00092,CUST0115,2025-04-05 08:13:55.805318,Greeting Card,5.66
ORDER00093,CUST0243,2024-11-14 08:13:55.805318,Poster,12.24
ORDER00094,CUST0292,2025-08-27 08:13:55.805318,Poster,17.23
ORDER00095,CUST0282,2025-01-03 08:13:55.805318,Business Card,10.83
ORDER00096,CUST0299,2025-10-10 08:13:55.805318,Flyer,10.66
ORDER00097,CUST0283,2025-09-22 08:13:55.805318,Greeting Card,5.6
ORDER00098,CUST0069,2024-11-08 08:13:55.805318,Business Card,12.78
ORDER00099,CUST0148,2025-10-09 08:13:55.805318,Business Card,10.04
ORDER00100,CUST0011,2025-03-08 08:13:55.805318,Canvas Print,41.54
ORDER00101,CUST0254,2025-03-15 08:13:55.805318,Poster,15.3
ORDER00102,CUST0038,2025-01-01 08:13:55.805318,Flyer,11.6
ORDER00103,CUST0134,2025-03-18 08:13:55.805318,Greeting Card,4.81
ORDER00104,CUST0200,2025-01-19 08:13:55.805318,Business Card,11.14
ORDER00105,CUST0023,2025-04-11 08:13:55.805318,Greeting Card,5.5
ORDER00106,CUST0218,2025-08-15 08:13:55.805318,Canvas Print,38.6
ORDER00107,CUST0141,2025-07-18 08:13:55.805318,Flyer,10.58
ORDER00108,CUST0104,2025-06-18 08:13:55.805318,Business Card,12.7
ORDER00109,CUST0210,2024-12-10 08:13:55.805318,Greeting Card,5.78
ORDER00110,CUST0111,2024-11-27 08:13:55.805318,Poster,15.59
ORDER00111,CUST0104,2025-03-14 08:13:55.805318,Canvas Print,40.03
ORDER00112,CUST0171,2025-05-19 08:13:55.805318,Flyer,8.56
ORDER00113,CUST0133,2025-09-23 08:13:55.805318,Canvas Print,33.85
ORDER00114,CUST0293,2025-07-25 08:13:55.805318,Poster,12.93
ORDER00115,CUST0127,2024-12-02 08:13:55.805318,Flyer,8.69
ORDER00116,CUST0106,2024-12-17 08:13:55.805318,Canvas Print,42.21
ORDER00117,CUST0092,2024-12-31 08:13:55.805318,Photo Book,27.41
ORDER00118,CUST0287,2025-06-03 08:13:55.805318,Poster,15.18
ORDER00119,CUST0051,2025-08-19 08:13:55.805318,Poster,16.97
ORDER00120,CUST0029,2025-02-06 08:13:55.805318,Poster,17.95
ORDER00121,CUST0296,2025-04-20 08:13:55.805318,Photo Book,28.2
ORDER00122,CUST0297,2025-10-25 08:13:55.805318,Photo Book,26.95
ORDER00123,CUST0214,2025-06-01 08:13:55.805318,Greeting Card,5.06
ORDER00124,CUST0267,2024-12-04 08:13:55.805318,Business Card,11.75
ORDER00125,CUST0257,2025-06-14 08:13:55.805318,Canvas Print,33.35
ORDER00126,CUST0101,2025-02-08 08:13:55.805318,Greeting Card,4.8
ORDER00127,CUST0110,2025-03-10 08:13:55.805318,Canvas Print,46.56
ORDER00128,CUST0182,2025-07-14 08:13:55.805318,Business Card,13.48
ORDER00129,CUST0001,2024-11-04 08:13:55.805318,Photo Book,22.16
ORDER00130,CUST0055,2025-06-05 08:13:55.805318,Business Card,11.84
ORDER00131,CUST0149,2025-07-12 08:13:55.805318,Photo Book,28.17
ORDER00132,CUST0137,2025-10-24 08:13:55.805318,Business Card,9.92
ORDER00133,CUST0202,2025-08-09 08:13:55.805318,Greeting Card,4.77
ORDER00134,CUST0117,2025-05-25 08:13:55.805318,Flyer,11.41
ORDER00135,CUST0154,2024-11-14 08:13:55.805318,Greeting Card,4.81
ORDER00136,CUST0291,2025-10-11 08:13:55.805318,Canvas Print,33.24
ORDER00137,CUST0063,2024-12-11 08:13:55.805318,Greeting Card,5.09
ORDER00138,CUST0244,2025-04-27 08:13:55.805318,Poster,17.17
ORDER00139,CUST0025,2025-01-01 08:13:55.805318,Canvas Print,41.44
ORDER00140,CUST0090,2025-10-17 08:13:55.805318,Business Card,10.69
ORDER00141,CUST0075,2025-06-18 08:13:55.805318,Canvas Print,38.15
ORDER00142,CUST0294,2025-06-28 08:13:55.805318,Flyer,9.8
ORDER00143,CUST0210,2024-12-21 08:13:55.805318,Photo Book,25.79
ORDER00144,CUST0017,2025-02-03 08:13:55.805318,Business Card,13.24
ORDER00145,CUST0128,2025-06-09 08:13:55.805318,Canvas Print,33.58
ORDER00146,CUST0251,2025-06-18 08:13:55.805318,Business Card,13.87
ORDER00147,CUST0179,2025-06-24 08:13:55.805318,Business Card,9.66
ORDER00148,CUST0182,2025-03-22 08:13:55.805318,Business Card,11.38
ORDER00149,CUST0152,2025-04-19 08:13:55.805318,Photo Book,20.27
ORDER00150,CUST0025,2024-11-28 08:13:55.805318,Greeting Card,4.79
ORDER00151,CUST0180,2024-12-05 08:13:55.805318,Business Card,12.12
ORDER00152,CUST0198,2024-11-12 08:13:55.805318,Poster,15.07
ORDER00153,CUST0161,2025-04-08 08:13:55.805318,Flyer,8.66
ORDER00154,CUST0177,2025-09-22 08:13:55.805318,Photo Book,26.46
ORDER00155,CUST0285,2025-05-05 08:13:55.805318,Canvas Print,32.72
ORDER00156,CUST0063,2025-06-30 08:13:55.805318,Photo Book,27.62
ORDER00157,CUST0150,2025-01-24 08:13:55.805318,Canvas Print,47.15
ORDER00158,CUST0154,2025-08-10 08:13:55.805318,Photo Book,23.4
ORDER00159,CUST0156,2025-01-04 08:13:55.805318,Canvas Print,40.28
ORDER00160,CUST0049,2025-04-18 08:13:55.805318,Business Card,11.42
ORDER00161,CUST0084,2024-12-14 08:13:55.805318,Greeting Card,4.01
ORDER00162,CUST0177,2024-12-31 08:13:55.805318,Canvas Print,38.17
ORDER00163,CUST0148,2025-03-13 08:13:55.805318,Canvas Print,44.67
ORDER00164,CUST0118,2025-08-10 08:13:55.805318,Poster,15.58
ORDER00165,CUST0063,2024-11-27 08:13:55.805318,Canvas Print,33.62
ORDER00166,CUST0189,2025-02-15 08:13:55.805318,Poster,17.08
ORDER00167,CUST0049,2024-12-13 08:13:55.805318,Flyer,10.12
ORDER00168,CUST0257,2025-10-05 08:13:55.805318,Business Card,13.64
ORDER00169,CUST0224,2025-08-12 08:13:55.805318,Poster,15.48
ORDER00170,CUST0141,2025-09-26 08:13:55.805318,Greeting Card,5.12
ORDER00171,CUST0215,2025-03-07 08:13:55.805318,Business Card,10.11
ORDER00172,CUST0211,2025-10-13 08:13:55.805318,Poster,13.0
ORDER00173,CUST0032,2025-06-18 08:13:55.805318,Business Card,14.27
ORDER00174,CUST0158,2025-05-08 08:13:55.805318,Business Card,10.7
ORDER00175,CUST0285,2025-06-12 08:13:55.805318,Business Card,14.29
ORDER00176,CUST0286,2025-08-09 08:13:55.805318,Flyer,10.13
ORDER00177,CUST0144,2025-02-28 08:13:55.805318,Greeting Card,4.27
ORDER00178,CUST0019,2025-02-23 08:13:55.805318,Photo Book,20.99
ORDER00179,CUST0018,2025-06-20 08:13:55.805318,Photo Book,22.09
ORDER00180,CUST0257,2025-07-16 08:13:55.805318,Poster,17.55
ORDER00181,CUST0078,2025-10-24 08:13:55.805318,Business Card,11.59
ORDER00182,CUST0175,2025-05-16 08:13:55.805318,Poster,14.37
ORDER00183,CUST0194,2025-03-16 08:13:55.805318,Flyer,9.25
ORDER00184,CUST0113,2025-09-13 08:13:55.805318,Flyer,8.59
ORDER00185,CUST0114,2025-04-13 08:13:55.805318,Canvas Print,39.81
ORDER00186,CUST0222,2025-06-12 08:13:55.805318,Flyer,8.52
ORDER00187,CUST0166,2025-09-02 08:13:55.805318,Canvas Print,45.37
ORDER00188,CUST0132,2025-06-21 08:13:55.805318,Greeting Card,4.74
ORDER00189,CUST0264,2025-04-20 08:13:55.805318,Poster,14.25
ORDER00190,CUST0055,2025-03-31 08:13:55.805318,Greeting Card,4.95
ORDER00191,CUST0131,2025-09-10 08:13:55.805318,Flyer,9.78
ORDER00192,CUST0288,2025-04-08 08:13:55.805318,Greeting Card,5.99
ORDER00193,CUST0266,2025-02-03 08:13:55.805318,Greeting Card,5.09
ORDER00194,CUST0162,2025-06-20 08:13:55.805318,Greeting Card,4.18
ORDER00195,CUST0087,2025-04-28 08:13:55.805318,Flyer,10.43
ORDER00196,CUST0055,2025-02-20 08:13:55.805318,Business Card,10.33
ORDER00197,CUST0288,2025-09-13 08:13:55.805318,Greeting Card,4.06
ORDER00198,CUST0178,2024-12-21 08:13:55.805318,Canvas Print,47.53
ORDER00199,CUST0008,2025-07-25 08:13:55.805318,Flyer,11.09
ORDER00200,CUST0247,2025-08-21 08:13:55.805318,Greeting Card,5.96
ORDER00201,CUST0255,2025-02-20 08:13:55.805318,Business Card,11.89
ORDER00202,CUST0054,2025-02-08 08:13:55.805318,Flyer,10.13
ORDER00203,CUST0249,2025-02-20 08:13:55.805318,Photo Book,21.68
ORDER00204,CUST0239,2025-01-19 08:13:55.805318,Business Card,10.79
ORDER00205,CUST0229,2025-05-05 08:13:55.805318,Canvas Print,45.42
ORDER00206,CUST0067,2025-02-20 08:13:55.805318,Greeting Card,4.71
ORDER00207,CUST0051,2024-11-01 08:13:55.805318,Photo Book,28.27
ORDER00208,CUST0097,2025-03-09 08:13:55.805318,Photo Book,27.09
ORDER00209,CUST0092,2025-06-07 08:13:55.805318,Flyer,8.71
ORDER00210,CUST0264,2024-12-23 08:13:55.805318,Photo Book,25.07
ORDER00211,CUST0291,2025-10-08 08:13:55.805318,Canvas Print,42.84
ORDER00212,CUST0096,2025-06-11 08:13:55.805318,Canvas Print,35.76
ORDER00213,CUST0088,2025-06-12 08:13:55.805318,Poster,16.98
ORDER00214,CUST0078,2025-03-05 08:13:55.805318,Canvas Print,40.72
ORDER00215,CUST0288,2025-03-09 08:13:55.805318,Business Card,10.39
ORDER00216,CUST0120,2024-12-22 08:13:55.805318,Photo Book,25.83
ORDER00217,CUST0165,2025-04-20 08:13:55.805318,Canvas Print,48.0
ORDER00218,CUST0182,2025-06-05 08:13:55.805318,Flyer,8.6
ORDER00219,CUST0223,2025-04-08 08:13:55.805318,Poster,16.9
ORDER00220,CUST0007,2025-05-16 08:13:55.805318,Photo Book,22.07
ORDER00221,CUST0263,2025-07-04 08:13:55.805318,Poster,16.69
ORDER00222,CUST0161,2025-09-19 08:13:55.805318,Photo Book,27.35
ORDER00223,CUST0151,2025-05-21 08:13:55.805318,Flyer,9.2
ORDER00224,CUST0085,2025-05-02 08:13:55.805318,Poster,13.95
ORDER00225,CUST0147,2025-03-02 08:13:55.805318,Greeting Card,5.59
ORDER00226,CUST0112,2025-07-12 08:13:55.805318,Business Card,11.81
ORDER00227,CUST0036,2025-08-20 08:13:55.805318,Business Card,13.11
ORDER00228,CUST0285,2025-08-06 08:13:55.805318,Photo Book,21.48
ORDER00229,CUST0188,2025-09-20 08:13:55.805318,Greeting Card,5.71
ORDER00230,CUST0082,2025-02-05 08:13:55.805318,Poster,16.27
ORDER00231,CUST0002,2025-05-16 08:13:55.805318,Greeting Card,5.81
ORDER00232,CUST0197,2025-06-27 08:13:55.805318,Greeting Card,4.26
ORDER00233,CUST0011,2025-03-23 08:13:55.805318,Poster,15.56
ORDER00234,CUST0234,2025-02-04 08:13:55.805318,Flyer,10.4
ORDER00235,CUST0195,2025-05-19 08:13:55.805318,Greeting Card,4.71
ORDER00236,CUST0119,2025-03-03 08:13:55.805318,Greeting Card,4.92
ORDER00237,CUST0020,2025-05-05 08:13:55.805318,Flyer,8.15
ORDER00238,CUST0261,2025-09-21 08:13:55.805318,Greeting Card,5.49
ORDER00239,CUST0293,2025-10-14 08:13:55.805318,Greeting Card,5.1
ORDER00240,CUST0256,2025-07-16 08:13:55.805318,Greeting Card,4.12
ORDER00241,CUST0222,2025-03-27 08:13:55.805318,Business Card,12.87
ORDER00242,CUST0226,2025-07-09 08:13:55.805318,Canvas Print,39.47
ORDER00243,CUST0053,2025-10-11 08:13:55.805318,Flyer,8.14
ORDER00244,CUST0280,2025-03-26 08:13:55.805318,Greeting Card,5.94
ORDER00245,CUST0081,2025-03-27 08:13:55.805318,Business Card,14.16
ORDER00246,CUST0202,2025-10-17 08:13:55.805318,Flyer,10.05
ORDER00247,CUST0158,2025-05-17 08:13:55.805318,Photo Book,20.94
ORDER00248,CUST0120,2025-09-03 08:13:55.805318,Photo Book,27.55
ORDER00249,CUST0059,2025-03-07 08:13:55.805318,Greeting Card,4.98
ORDER00250,CUST0215,2024-12-08 08:13:55.805318,Business Card,11.05
ORDER00251,CUST0128,2025-10-03 08:13:55.805318,Business Card,11.96
ORDER00252,CUST0224,2025-10-25 08:13:55.805318,Flyer,10.09
ORDER00253,CUST0209,2025-03-08 08:13:55.805318,Flyer,10.25
ORDER00254,CUST0115,2025-07-24 08:13:55.805318,Business Card,11.72
ORDER00255,CUST0209,2025-03-30 08:13:55.805318,Flyer,10.42
ORDER00256,CUST0014,2025-08-24 08:13:55.805318,Business Card,14.01
ORDER00257,CUST0009,2025-02-06 08:13:55.805318,Canvas Print,37.8
ORDER00258,CUST0040,2025-07-20 08:13:55.805318,Business Card,13.08
ORDER00259,CUST0237,2025-07-09 08:13:55.805318,Photo Book,28.94
ORDER00260,CUST0281,2025-03-23 08:13:55.805318,Flyer,9.82
ORDER00261,CUST0201,2025-10-11 08:13:55.805318,Business Card,11.73
ORDER00262,CUST0246,2025-02-19 08:13:55.805318,Business Card,12.49
ORDER00263,CUST0278,2024-12-29 08:13:55.805318,Flyer,10.37
ORDER00264,CUST0235,2024-11-01 08:13:55.805318,Canvas Print,44.91
ORDER00265,CUST0004,2025-08-30 08:13:55.805318,Canvas Print,39.62
ORDER00266,CUST0154,2025-07-11 08:13:55.805318,Flyer,11.98
ORDER00267,CUST0029,2025-03-19 08:13:55.805318,Poster,12.36
ORDER00268,CUST0109,2024-12-06 08:13:55.805318,Flyer,8.01
ORDER00269,CUST0098,2025-04-08 08:13:55.805318,Flyer,10.56
ORDER00270,CUST0215,2024-11-08 08:13:55.805318,Canvas Print,36.77
ORDER00271,CUST0293,2025-06-20 08:13:55.805318,Canvas Print,35.85
ORDER00272,CUST0075,2025-02-06 08:13:55.805318,Flyer,9.25
ORDER00273,CUST0146,2025-03-26 08:13:55.805318,Flyer,9.02
ORDER00274,CUST0128,2025-08-30 08:13:55.805318,Flyer,8.12
ORDER00275,CUST0042,2025-05-26 08:13:55.805318,Canvas Print,47.54
ORDER00276,CUST0041,2025-03-10 08:13:55.805318,Flyer,8.88
ORDER00277,CUST0034,2025-03-31 08:13:55.805318,Flyer,10.94
ORDER00278,CUST0017,2024-12-23 08:13:55.805318,Greeting Card,5.53
ORDER00279,CUST0165,2025-02-27 08:13:55.805318,Poster,17.58
ORDER00280,CUST0153,2025-04-09 08:13:55.805318,Photo Book,20.31
ORDER00281,CUST0076,2025-02-23 08:13:55.805318,Poster,17.23
ORDER00282,CUST0087,2025-01-13 08:13:55.805318,Greeting Card,5.05
ORDER00283,CUST0117,2025-02-20 08:13:55.805318,Photo Book,26.33
ORDER00284,CUST0027,2025-02-11 08:13:55.805318,Flyer,10.58
ORDER00285,CUST0287,2025-10-05 08:13:55.805318,Greeting Card,5.64
ORDER00286,CUST0134,2025-07-11 08:13:55.805318,Flyer,9.33
ORDER00287,CUST0219,2025-06-14 08:13:55.805318,Canvas Print,43.73
ORDER00288,CUST0168,2025-02-19 08:13:55.805318,Business Card,12.14
ORDER00289,CUST0098,2025-02-06 08:13:55.805318,Greeting Card,5.59
ORDER00290,CUST0268,2025-04-01 08:13:55.805318,Canvas Print,47.85
ORDER00291,CUST0237,2025-10-14 08:13:55.805318,Greeting Card,4.4
ORDER00292,CUST0173,2025-10-03 08:13:55.805318,Greeting Card,5.99
ORDER00293,CUST0190,2025-05-12 08:13:55.805318,Canvas Print,33.44
ORDER00294,CUST0122,2025-09-05 08:13:55.805318,Photo Book,20.02
ORDER00295,CUST0046,2025-04-11 08:13:55.805318,Poster,12.26
ORDER00296,CUST0064,2025-05-26 08:13:55.805318,Flyer,9.37
ORDER00297,CUST0130,2025-04-17 08:13:55.805318,Greeting Card,5.27
ORDER00298,CUST0193,2025-04-09 08:13:55.805318,Flyer,8.28
ORDER00299,CUST0181,2025-01-06 08:13:55.805318,Business Card,9.63
ORDER00300,CUST0292,2025-08-15 08:13:55.805318,Canvas Print,46.99
ORDER00301,CUST0282,2025-08-03 08:13:55.805318,Flyer,11.29
ORDER00302,CUST0029,2025-08-30 08:13:55.805318,Canvas Print,44.95
ORDER00303,CUST0149,2025-03-14 08:13:55.805318,Flyer,11.54
ORDER00304,CUST0267,2025-05-13 08:13:55.805318,Poster,16.2
ORDER00305,CUST0296,2025-03-07 08:13:55.805318,Poster,12.63
ORDER00306,CUST0011,2024-12-02 08:13:55.805318,Poster,14.39
ORDER00307,CUST0164,2025-04-24 08:13:55.805318,Poster,16.34
ORDER00308,CUST0113,2024-11-21 08:13:55.805318,Poster,13.68
ORDER00309,CUST0187,2025-06-25 08:13:55.805318,Poster,16.12
ORDER00310,CUST0295,2025-04-06 08:13:55.805318,Canvas Print,32.39
ORDER00311,CUST0232,2024-12-07 08:13:55.805318,Greeting Card,4.61
ORDER00312,CUST0227,2025-06-17 08:13:55.805318,Flyer,10.2
ORDER00313,CUST0098,2025-10-30 08:13:55.805318,Poster,15.79
ORDER00314,CUST0055,2024-12-20 08:13:55.805318,Canvas Print,41.23
ORDER00315,CUST0111,2025-07-21 08:13:55.805318,Canvas Print,43.16
ORDER00316,CUST0152,2025-08-09 08:13:55.805318,Canvas Print,32.1
ORDER00317,CUST0246,2024-11-26 08:13:55.805318,Greeting Card,4.2
ORDER00318,CUST0069,2025-06-13 08:13:55.805318,Flyer,11.48
ORDER00319,CUST0289,2025-08-03 08:13:55.805318,Greeting Card,5.36
ORDER00320,CUST0250,2025-08-12 08:13:55.805318,Photo Book,21.13
ORDER00321,CUST0036,2025-02-04 08:13:55.805318,Canvas Print,45.47
ORDER00322,CUST0239,2025-08-10 08:13:55.805318,Photo Book,22.42
ORDER00323,CUST0148,2025-09-12 08:13:55.805318,Business Card,11.9
ORDER00324,CUST0227,2025-08-30 08:13:55.805318,Poster,12.87
ORDER00325,CUST0244,2025-03-26 08:13:55.805318,Poster,16.26
ORDER00326,CUST0201,2024-11-03 08:13:55.805318,Greeting Card,5.33
ORDER00327,CUST0154,2024-12-04 08:13:55.805318,Flyer,8.84
ORDER00328,CUST0073,2025-05-10 08:13:55.805318,Photo Book,28.63
ORDER00329,CUST0201,2024-12-18 08:13:55.805318,Flyer,9.61
ORDER00330,CUST0296,2024-11-16 08:13:55.805318,Greeting Card,4.59
ORDER00331,CUST0017,2025-04-20 08:13:55.805318,Poster,12.91
ORDER00332,CUST0129,2025-06-07 08:13:55.805318,Flyer,9.06
ORDER00333,CUST0217,2025-04-06 08:13:55.805318,Flyer,8.09
ORDER00334,CUST0061,2024-12-15 08:13:55.805318,Poster,15.5
ORDER00335,CUST0104,2024-11-05 08:13:55.805318,Photo Book,28.42
ORDER00336,CUST0042,2025-02-06 08:13:55.805318,Poster,15.29
ORDER00337,CUST0025,2025-06-20 08:13:55.805318,Flyer,8.88
ORDER00338,CUST0039,2024-12-06 08:13:55.805318,Photo Book,20.34
ORDER00339,CUST0291,2025-08-06 08:13:55.805318,Photo Book,22.15
ORDER00340,CUST0131,2025-10-14 08:13:55.805318,Poster,14.5
ORDER00341,CUST0229,2025-08-28 08:13:55.805318,Flyer,11.04
ORDER00342,CUST0108,2025-04-29 08:13:55.805318,Greeting Card,4.38
ORDER00343,CUST0172,2025-02-02 08:13:55.805318,Flyer,10.88
ORDER00344,CUST0102,2025-02-06 08:13:55.805318,Canvas Print,45.87
ORDER00345,CUST0012,2025-05-06 08:13:55.805318,Business Card,11.78
ORDER00346,CUST0275,2025-02-23 08:13:55.805318,Greeting Card,5.64
ORDER00347,CUST0101,2025-05-09 08:13:55.805318,Photo Book,25.55
ORDER00348,CUST0044,2025-07-10 08:13:55.805318,Greeting Card,5.27
ORDER00349,CUST0017,2025-04-09 08:13:55.805318,Photo Book,25.26
ORDER00350,CUST0057,2025-07-13 08:13:55.805318,Photo Book,24.63
ORDER00351,CUST0012,2025-09-18 08:13:55.805318,Greeting Card,4.47
ORDER00352,CUST0080,2025-03-07 08:13:55.805318,Photo Book,23.03
ORDER00353,CUST0216,2024-11-17 08:13:55.805318,Photo Book,22.9
ORDER00354,CUST0264,2025-08-07 08:13:55.805318,Canvas Print,41.01
ORDER00355,CUST0149,2025-06-10 08:13:55.805318,Flyer,8.48
ORDER00356,CUST0081,2024-12-23 08:13:55.805318,Flyer,11.67
ORDER00357,CUST0215,2024-12-27 08:13:55.805318,Business Card,13.06
ORDER00358,CUST0198,2025-09-18 08:13:55.805318,Business Card,11.53
ORDER00359,CUST0200,2025-10-25 08:13:55.805318,Canvas Print,34.54
ORDER00360,CUST0025,2025-04-22 08:13:55.805318,Business Card,13.83
ORDER00361,CUST0089,2025-08-06 08:13:55.805318,Greeting Card,5.65
ORDER00362,CUST0268,2025-02-21 08:13:55.805318,Poster,16.33
ORDER00363,CUST0143,2025-08-14 08:13:55.805318,Poster,13.63
ORDER00364,CUST0059,2025-10-07 08:13:55.805318,Poster,14.41
ORDER00365,CUST0026,2025-03-30 08:13:55.805318,Canvas Print,33.64
ORDER00366,CUST0047,2025-03-06 08:13:55.805318,Canvas Print,35.02
ORDER00367,CUST0288,2025-04-03 08:13:55.805318,Photo Book,27.83
ORDER00368,CUST0266,2025-07-30 08:13:55.805318,Poster,16.29
ORDER00369,CUST0016,2025-02-11 08:13:55.805318,Greeting Card,5.19
ORDER00370,CUST0199,2025-08-25 08:13:55.805318,Business Card,13.9
ORDER00371,CUST0282,2025-07-03 08:13:55.805318,Greeting Card,5.17
ORDER00372,CUST0086,2025-04-24 08:13:55.805318,Business Card,11.84
ORDER00373,CUST0250,2024-12-08 08:13:55.805318,Poster,14.04
ORDER00374,CUST0270,2025-04-18 08:13:55.805318,Poster,17.64
ORDER00375,CUST0117,2025-07-04 08:13:55.805318,Poster,12.5
ORDER00376,CUST0007,2024-11-25 08:13:55.805318,Canvas Print,46.89
ORDER00377,CUST0137,2025-10-20 08:13:55.805318,Business Card,13.57
ORDER00378,CUST0176,2025-09-01 08:13:55.805318,Canvas Print,34.08
ORDER00379,CUST0215,2024-11-12 08:13:55.805318,Canvas Print,41.04
ORDER00380,CUST0082,2025-09-11 08:13:55.805318,Flyer,11.47
ORDER00381,CUST0223,2025-09-08 08:13:55.805318,Greeting Card,5.14
ORDER00382,CUST0103,2024-12-05 08:13:55.805318,Greeting Card,5.81
ORDER00383,CUST0273,2025-04-21 08:13:55.805318,Photo Book,29.43
ORDER00384,CUST0014,2024-11-19 08:13:55.805318,Canvas Print,38.76
ORDER00385,CUST0159,2025-09-16 08:13:55.805318,Business Card,11.41
ORDER00386,CUST0152,2025-07-21 08:13:55.805318,Flyer,11.75
ORDER00387,CUST0108,2025-03-21 08:13:55.805318,Flyer,10.7
ORDER00388,CUST0188,2025-03-22 08:13:55.805318,Greeting Card,4.23
ORDER00389,CUST0098,2025-01-30 08:13:55.805318,Canvas Print,32.68
ORDER00390,CUST0131,2025-10-19 08:13:55.805318,Photo Book,25.65
ORDER00391,CUST0293,2025-09-17 08:13:55.805318,Canvas Print,46.88
ORDER00392,CUST0171,2025-08-14 08:13:55.805318,Poster,17.07
ORDER00393,CUST0183,2025-06-02 08:13:55.805318,Canvas Print,42.81
ORDER00394,CUST0039,2025-10-07 08:13:55.805318,Poster,12.83
ORDER00395,CUST0015,2024-12-20 08:13:55.805318,Poster,13.53
ORDER00396,CUST0004,2025-04-01 08:13:55.805318,Photo Book,28.76
ORDER00397,CUST0210,2025-05-04 08:13:55.805318,Business Card,10.48
ORDER00398,CUST0161,2025-01-01 08:13:55.805318,Greeting Card,4.56
ORDER00399,CUST0016,2025-05-08 08:13:55.805318,Canvas Print,34.07
ORDER00400,CUST0108,2025-03-04 08:13:55.805318,Poster,16.06
ORDER00401,CUST0227,2025-03-29 08:13:55.805318,Canvas Print,47.1
ORDER00402,CUST0170,2025-09-09 08:13:55.805318,Business Card,10.89
ORDER00403,CUST0034,2024-12-27 08:13:55.805318,Greeting Card,4.95
ORDER00404,CUST0251,2025-10-07 08:13:55.805318,Business Card,12.64
ORDER00405,CUST0247,2025-08-31 08:13:55.805318,Greeting Card,6.0
ORDER00406,CUST0269,2025-04-28 08:13:55.805318,Flyer,8.42
ORDER00407,CUST0141,2025-04-18 08:13:55.805318,Greeting Card,5.0
ORDER00408,CUST0274,2025-09-21 08:13:55.805318,Photo Book,23.85
ORDER00409,CUST0096,2025-07-28 08:13:55.805318,Business Card,13.76
ORDER00410,CUST0227,2024-12-23 08:13:55.805318,Poster,14.86
ORDER00411,CUST0039,2025-02-08 08:13:55.805318,Flyer,8.44
ORDER00412,CUST0029,2025-07-21 08:13:55.805318,Photo Book,26.34
ORDER00413,CUST0245,2024-12-22 08:13:55.805318,Canvas Print,44.33
ORDER00414,CUST0236,2024-12-29 08:13:55.805318,Business Card,9.61
ORDER00415,CUST0185,2025-02-15 08:13:55.805318,Poster,17.15
ORDER00416,CUST0272,2024-11-04 08:13:55.805318,Greeting Card,4.37
ORDER00417,CUST0236,2025-02-10 08:13:55.805318,Poster,15.31
ORDER00418,CUST0239,2025-05-14 08:13:55.805318,Canvas Print,38.65
ORDER00419,CUST0266,2025-07-19 08:13:55.805318,Flyer,10.88
ORDER00420,CUST0065,2025-10-30 08:13:55.805318,Flyer,9.48
ORDER00421,CUST0177,2025-10-15 08:13:55.805318,Business Card,13.77
ORDER00422,CUST0003,2024-12-16 08:13:55.805318,Flyer,10.92
ORDER00423,CUST0142,2025-10-20 08:13:55.805318,Business Card,12.71
ORDER00424,CUST0158,2025-09-06 08:13:55.805318,Business Card,13.42
ORDER00425,CUST0146,2025-09-03 08:13:55.805318,Business Card,13.22
ORDER00426,CUST0293,2025-03-23 08:13:55.805318,Greeting Card,4.07
ORDER00427,CUST0153,2025-07-26 08:13:55.805318,Photo Book,23.95
ORDER00428,CUST0193,2025-03-03 08:13:55.805318,Business Card,14.07
ORDER00429,CUST0073,2025-02-13 08:13:55.805318,Business Card,10.2
ORDER00430,CUST0140,2025-04-06 08:13:55.805318,Photo Book,27.37
ORDER00431,CUST0187,2025-03-26 08:13:55.805318,Poster,17.85
ORDER00432,CUST0293,2025-03-24 08:13:55.805318,Business Card,9.85
ORDER00433,CUST0061,2025-02-27 08:13:55.805318,Greeting Card,5.36
ORDER00434,CUST0198,2025-09-14 08:13:55.805318,Flyer,9.87
ORDER00435,CUST0295,2025-08-01 08:13:55.805318,Flyer,10.32
ORDER00436,CUST0011,2025-01-30 08:13:55.805318,Canvas Print,33.37
ORDER00437,CUST0062,2024-12-27 08:13:55.805318,Canvas Print,32.69
ORDER00438,CUST0226,2025-10-11 08:13:55.805318,Flyer,10.67
ORDER00439,CUST0153,2025-06-16 08:13:55.805318,Flyer,11.29
ORDER00440,CUST0199,2025-02-24 08:13:55.805318,Greeting Card,5.56
ORDER00441,CUST0052,2025-09-13 08:13:55.805318,Photo Book,25.44
ORDER00442,CUST0260,2025-08-05 08:13:55.805318,Canvas Print,33.6
ORDER00443,CUST0059,2025-03-06 08:13:55.805318,Photo Book,26.88
ORDER00444,CUST0072,2025-03-08 08:13:55.805318,Greeting Card,4.48
ORDER00445,CUST0148,2024-12-27 08:13:55.805318,Flyer,11.64
ORDER00446,CUST0063,2025-03-01 08:13:55.805318,Business Card,13.62
ORDER00447,CUST0243,2024-10-31 08:13:55.805318,Photo Book,27.09
ORDER00448,CUST0107,2025-06-26 08:13:55.805318,Flyer,11.8
ORDER00449,CUST0226,2025-08-16 08:13:55.805318,Flyer,8.13
ORDER00450,CUST0218,2025-02-03 08:13:55.805318,Poster,16.42
ORDER00451,CUST0241,2025-03-05 08:13:55.805318,Photo Book,23.3
ORDER00452,CUST0259,2025-02-25 08:13:55.805318,Business Card,13.95
ORDER00453,CUST0262,2024-12-17 08:13:55.805318,Photo Book,22.67
ORDER00454,CUST0005,2025-01-27 08:13:55.805318,Flyer,10.9
ORDER00455,CUST0261,2025-06-24 08:13:55.805318,Business Card,13.81
ORDER00456,CUST0054,2025-07-29 08:13:55.805318,Greeting Card,4.08
ORDER00457,CUST0047,2025-05-07 08:13:55.805318,Poster,14.39
ORDER00458,CUST0215,2025-05-10 08:13:55.805318,Flyer,11.05
ORDER00459,CUST0177,2025-01-07 08:13:55.805318,Canvas Print,39.28
ORDER00460,CUST0009,2025-08-04 08:13:55.805318,Canvas Print,36.28
ORDER00461,CUST0099,2025-10-14 08:13:55.805318,Poster,13.32
ORDER00462,CUST0020,2025-07-04 08:13:55.805318,Greeting Card,4.26
ORDER00463,CUST0241,2025-01-14 08:13:55.805318,Flyer,11.43
ORDER00464,CUST0061,2025-04-02 08:13:55.805318,Photo Book,25.75
ORDER00465,CUST0178,2025-03-23 08:13:55.805318,Poster,12.46
ORDER00466,CUST0062,2025-01-24 08:13:55.805318,Greeting Card,4.77
ORDER00467,CUST0145,2025-05-03 08:13:55.805318,Photo Book,23.68
ORDER00468,CUST0216,2025-08-11 08:13:55.805318,Canvas Print,34.91
ORDER00469,CUST0003,2025-06-07 08:13:55.805318,Canvas Print,38.97
ORDER00470,CUST0160,2025-01-07 08:13:55.805318,Photo Book,23.32
ORDER00471,CUST0227,2024-12-16 08:13:55.805318,Poster,14.05
ORDER00472,CUST0269,2025-02-01 08:13:55.805318,Canvas Print,43.82
ORDER00473,CUST0120,2025-06-25 08:13:55.805318,Flyer,8.89
ORDER00474,CUST0089,2025-05-22 08:13:55.805318,Business Card,12.68
ORDER00475,CUST0068,2025-06-05 08:13:55.805318,Photo Book,25.71
ORDER00476,CUST0098,2025-10-06 08:13:55.805318,Photo Book,25.68
ORDER00477,CUST0267,2024-12-08 08:13:55.805318,Canvas Print,42.61
ORDER00478,CUST0105,2025-02-07 08:13:55.805318,Poster,15.29
ORDER00479,CUST0123,2025-08-15 08:13:55.805318,Flyer,11.52
ORDER00480,CUST0029,2025-07-11 08:13:55.805318,Poster,16.05
ORDER00481,CUST0137,2025-06-09 08:13:55.805318,Greeting Card,5.09
ORDER00482,CUST0195,2025-10-22 08:13:55.805318,Greeting Card,5.66
ORDER00483,CUST0226,2024-11-22 08:13:55.805318,Business Card,12.51
ORDER00484,CUST0170,2025-07-07 08:13:55.805318,Canvas Print,36.66
ORDER00485,CUST0009,2024-11-09 08:13:55.805318,Canvas Print,35.31
ORDER00486,CUST0040,2025-07-03 08:13:55.805318,Canvas Print,34.44
ORDER00487,CUST0025,2025-09-20 08:13:55.805318,Business Card,13.92
ORDER00488,CUST0261,2025-02-07 08:13:55.805318,Greeting Card,5.42
ORDER00489,CUST0226,2025-08-16 08:13:55.805318,Poster,17.62
ORDER00490,CUST0124,2025-04-28 08:13:55.805318,Business Card,12.5
ORDER00491,CUST0038,2025-06-10 08:13:55.805318,Business Card,11.87
ORDER00492,CUST0251,2025-07-07 08:13:55.805318,Poster,12.36
ORDER00493,CUST0176,2025-03-26 08:13:55.805318,Canvas Print,42.75
ORDER00494,CUST0090,2025-02-03 08:13:55.805318,Flyer,10.33
ORDER00495,CUST0037,2025-07-14 08:13:55.805318,Poster,17.94
ORDER00496,CUST0176,2025-09-20 08:13:55.805318,Greeting Card,4.48
ORDER00497,CUST0284,2024-11-03 08:13:55.805318,Photo Book,25.31
ORDER00498,CUST0081,2024-11-15 08:13:55.805318,Photo Book,26.51
ORDER00499,CUST0114,2025-08-06 08:13:55.805318,Business Card,12.69
ORDER00500,CUST0040,2025-10-01 08:13:55.805318,Photo Book,25.61
ORDER00501,CUST0224,2025-07-04 08:13:55.805318,Flyer,11.11
ORDER00502,CUST0115,2025-07-15 08:13:55.805318,Canvas Print,35.28
ORDER00503,CUST0186,2025-04-08 08:13:55.805318,Greeting Card,5.45
ORDER00504,CUST0056,2025-10-05 08:13:55.805318,Flyer,10.48
ORDER00505,CUST0040,2025-03-31 08:13:55.805318,Greeting Card,5.79
ORDER00506,CUST0040,2025-04-26 08:13:55.805318,Greeting Card,5.69
ORDER00507,CUST0237,2025-04-11 08:13:55.805318,Canvas Print,37.04
ORDER00508,CUST0289,2024-12-02 08:13:55.805318,Business Card,10.93
ORDER00509,CUST0262,2025-04-27 08:13:55.805318,Photo Book,29.82
ORDER00510,CUST0216,2025-02-08 08:13:55.805318,Canvas Print,40.44
ORDER00511,CUST0147,2025-07-25 08:13:55.805318,Flyer,11.63
ORDER00512,CUST0168,2025-09-18 08:13:55.805318,Business Card,10.39
ORDER00513,CUST0092,2025-01-03 08:13:55.805318,Flyer,10.57
ORDER00514,CUST0059,2025-04-16 08:13:55.805318,Business Card,13.49
ORDER00515,CUST0059,2025-09-25 08:13:55.805318,Flyer,11.79
ORDER00516,CUST0169,2024-12-12 08:13:55.805318,Canvas Print,37.4
ORDER00517,CUST0269,2024-12-13 08:13:55.805318,Business Card,13.08
ORDER00518,CUST0045,2025-08-11 08:13:55.805318,Business Card,12.19
ORDER00519,CUST0181,2024-11-11 08:13:55.805318,Greeting Card,4.12
ORDER00520,CUST0170,2025-02-02 08:13:55.805318,Greeting Card,5.38
ORDER00521,CUST0191,2025-08-28 08:13:55.805318,Poster,16.14
ORDER00522,CUST0155,2025-07-10 08:13:55.805318,Flyer,11.72
ORDER00523,CUST0188,2025-06-29 08:13:55.805318,Greeting Card,4.99
ORDER00524,CUST0007,2024-12-04 08:13:55.805318,Poster,13.38
ORDER00525,CUST0133,2025-06-02 08:13:55.805318,Greeting Card,4.09
ORDER00526,CUST0235,2025-10-02 08:13:55.805318,Flyer,9.66
ORDER00527,CUST0045,2025-01-28 08:13:55.805318,Business Card,11.05
ORDER00528,CUST0249,2025-07-21 08:13:55.805318,Photo Book,27.61
ORDER00529,CUST0031,2025-01-31 08:13:55.805318,Flyer,9.42
ORDER00530,CUST0023,2025-01-28 08:13:55.805318,Canvas Print,47.19
ORDER00531,CUST0160,2025-02-22 08:13:55.805318,Greeting Card,5.92
ORDER00532,CUST0158,2025-02-12 08:13:55.805318,Greeting Card,5.24
ORDER00533,CUST0039,2025-05-14 08:13:55.805318,Business Card,14.06
ORDER00534,CUST0082,2025-09-09 08:13:55.805318,Canvas Print,44.17
ORDER00535,CUST0258,2025-02-21 08:13:55.805318,Business Card,12.22
ORDER00536,CUST0206,2025-01-13 08:13:55.805318,Canvas Print,34.88
ORDER00537,CUST0077,2025-06-04 08:13:55.805318,Photo Book,24.59
ORDER00538,CUST0012,2025-08-03 08:13:55.805318,Greeting Card,5.12
ORDER00539,CUST0295,2025-07-06 08:13:55.805318,Greeting Card,5.73
ORDER00540,CUST0224,2025-04-12 08:13:55.805318,Photo Book,24.81
ORDER00541,CUST0013,2025-10-22 08:13:55.805318,Poster,17.39
ORDER00542,CUST0046,2025-05-10 08:13:55.805318,Business Card,12.84
ORDER00543,CUST0155,2025-06-14 08:13:55.805318,Photo Book,21.37
ORDER00544,CUST0113,2025-04-25 08:13:55.805318,Business Card,14.38
ORDER00545,CUST0233,2025-02-06 08:13:55.805318,Flyer,10.11
ORDER00546,CUST0017,2024-12-05 08:13:55.805318,Greeting Card,4.78
ORDER00547,CUST0223,2025-02-03 08:13:55.805318,Business Card,12.76
ORDER00548,CUST0188,2025-03-31 08:13:55.805318,Canvas Print,33.74
ORDER00549,CUST0163,2025-03-30 08:13:55.805318,Business Card,12.66
ORDER00550,CUST0074,2025-05-08 08:13:55.805318,Flyer,9.99
ORDER00551,CUST0233,2025-06-11 08:13:55.805318,Greeting Card,4.81
ORDER00552,CUST0224,2024-12-06 08:13:55.805318,Photo Book,29.53
ORDER00553,CUST0060,2025-07-25 08:13:55.805318,Flyer,10.09
ORDER00554,CUST0222,2025-05-01 08:13:55.805318,Greeting Card,4.44
ORDER00555,CUST0037,2024-11-12 08:13:55.805318,Business Card,11.8
ORDER00556,CUST0278,2025-08-05 08:13:55.805318,Poster,17.52
ORDER00557,CUST0196,2025-06-04 08:13:55.805318,Poster,13.06
ORDER00558,CUST0242,2025-10-20 08:13:55.805318,Canvas Print,35.42
ORDER00559,CUST0219,2025-10-26 08:13:55.805318,Greeting Card,4.03
ORDER00560,CUST0192,2025-08-12 08:13:55.805318,Poster,12.09
ORDER00561,CUST0017,2025-07-30 08:13:55.805318,Photo Book,28.29
ORDER00562,CUST0012,2024-12-31 08:13:55.805318,Greeting Card,5.46
ORDER00563,CUST0193,2025-01-22 08:13:55.805318,Photo Book,23.55
ORDER00564,CUST0022,2025-06-04 08:13:55.805318,Photo Book,26.98
ORDER00565,CUST0120,2025-10-07 08:13:55.805318,Poster,14.37
ORDER00566,CUST0210,2025-05-05 08:13:55.805318,Greeting Card,5.91
ORDER00567,CUST0270,2024-11-18 08:13:55.805318,Business Card,14.24
ORDER00568,CUST0192,2025-04-25 08:13:55.805318,Flyer,9.57
ORDER00569,CUST0175,2025-02-07 08:13:55.805318,Poster,17.13
ORDER00570,CUST0285,2025-06-20 08:13:55.805318,Poster,16.64
ORDER00571,CUST0204,2025-01-14 08:13:55.805318,Business Card,11.09
ORDER00572,CUST0164,2025-07-22 08:13:55.805318,Greeting Card,4.46
ORDER00573,CUST0251,2025-08-10 08:13:55.805318,Greeting Card,4.92
ORDER00574,CUST0227,2025-05-24 08:13:55.805318,Photo Book,27.81
ORDER00575,CUST0007,2025-06-10 08:13:55.805318,Business Card,14.21
ORDER00576,CUST0029,2024-12-21 08:13:55.805318,Business Card,13.27
ORDER00577,CUST0033,2025-10-04 08:13:55.805318,Greeting Card,5.71
ORDER00578,CUST0134,2025-03-23 08:13:55.805318,Photo Book,26.03
ORDER00579,CUST0079,2025-01-07 08:13:55.805318,Poster,17.01
ORDER00580,CUST0058,2025-02-06 08:13:55.805318,Canvas Print,44.55
ORDER00581,CUST0026,2024-11-24 08:13:55.805318,Flyer,9.51
ORDER00582,CUST0226,2024-12-22 08:13:55.805318,Poster,15.31
ORDER00583,CUST0285,2025-03-30 08:13:55.805318,Greeting Card,5.61
ORDER00584,CUST0004,2025-03-23 08:13:55.805318,Flyer,8.18
ORDER00585,CUST0099,2024-12-26 08:13:55.805318,Canvas Print,44.93
ORDER00586,CUST0039,2024-12-08 08:13:55.805318,Canvas Print,34.85
ORDER00587,CUST0271,2025-02-16 08:13:55.805318,Photo Book,25.15
ORDER00588,CUST0285,2025-04-29 08:13:55.805318,Flyer,11.23
ORDER00589,CUST0157,2024-12-11 08:13:55.805318,Photo Book,22.54
ORDER00590,CUST0075,2025-05-04 08:13:55.805318,Poster,13.47
ORDER00591,CUST0288,2025-06-10 08:13:55.805318,Business Card,11.53
ORDER00592,CUST0130,2025-03-01 08:13:55.805318,Business Card,13.89
ORDER00593,CUST0175,2025-03-12 08:13:55.805318,Business Card,9.6
ORDER00594,CUST0084,2025-04-11 08:13:55.805318,Flyer,11.61
ORDER00595,CUST0022,2025-06-02 08:13:55.805318,Business Card,10.34
ORDER00596,CUST0027,2025-06-08 08:13:55.805318,Poster,17.94
ORDER00597,CUST0195,2025-06-22 08:13:55.805318,Photo Book,29.55
ORDER00598,CUST0236,2025-09-26 08:13:55.805318,Flyer,9.98
ORDER00599,CUST0092,2025-03-25 08:13:55.805318,Photo Book,25.13
ORDER00600,CUST0021,2025-06-26 08:13:55.805318,Flyer,9.93
ORDER00601,CUST0084,2025-01-14 08:13:55.805318,Photo Book,26.35
ORDER00602,CUST0262,2024-11-08 08:13:55.805318,Canvas Print,33.45
ORDER00603,CUST0147,2025-01-12 08:13:55.805318,Photo Book,20.33
ORDER00604,CUST0257,2025-07-10 08:13:55.805318,Business Card,9.88
ORDER00605,CUST0058,2025-06-17 08:13:55.805318,Canvas Print,39.11
ORDER00606,CUST0015,2024-11-06 08:13:55.805318,Photo Book,22.76
ORDER00607,CUST0162,2025-04-22 08:13:55.805318,Flyer,10.49
ORDER00608,CUST0163,2025-03-20 08:13:55.805318,Flyer,11.97
ORDER00609,CUST0281,2025-04-16 08:13:55.805318,Flyer,9.55
ORDER00610,CUST0280,2025-04-18 08:13:55.805318,Greeting Card,5.15
ORDER00611,CUST0012,2025-08-09 08:13:55.805318,Poster,14.49
ORDER00612,CUST0274,2025-03-01 08:13:55.805318,Flyer,11.39
ORDER00613,CUST0271,2025-05-12 08:13:55.805318,Canvas Print,46.44
ORDER00614,CUST0208,2024-11-04 08:13:55.805318,Flyer,11.51
ORDER00615,CUST0027,2024-11-28 08:13:55.805318,Greeting Card,5.95
ORDER00616,CUST0072,2025-04-13 08:13:55.805318,Business Card,9.73
ORDER00617,CUST0060,2025-10-04 08:13:55.805318,Canvas Print,45.44
ORDER00618,CUST0145,2025-03-15 08:13:55.805318,Greeting Card,5.5
ORDER00619,CUST0093,2025-10-30 08:13:55.805318,Business Card,10.7
ORDER00620,CUST0008,2025-09-16 08:13:55.805318,Canvas Print,47.3
ORDER00621,CUST0079,2025-10-07 08:13:55.805318,Photo Book,21.48
ORDER00622,CUST0027,2025-03-24 08:13:55.805318,Poster,16.08
ORDER00623,CUST0174,2025-09-22 08:13:55.805318,Poster,13.35
ORDER00624,CUST0050,2025-06-04 08:13:55.805318,Greeting Card,4.86
ORDER00625,CUST0199,2025-08-27 08:13:55.805318,Business Card,13.05
ORDER00626,CUST0181,2025-03-11 08:13:55.805318,Poster,15.38
ORDER00627,CUST0024,2025-08-18 08:13:55.805318,Business Card,11.65
ORDER00628,CUST0046,2025-01-08 08:13:55.805318,Business Card,11.17
ORDER00629,CUST0015,2025-07-09 08:13:55.805318,Greeting Card,5.68
ORDER00630,CUST0153,2025-08-01 08:13:55.805318,Greeting Card,4.29
ORDER00631,CUST0222,2025-10-29 08:13:55.805318,Greeting Card,4.86
ORDER00632,CUST0206,2025-04-30 08:13:55.805318,Poster,17.42
ORDER00633,CUST0273,2025-04-15 08:13:55.805318,Greeting Card,5.69
ORDER00634,CUST0236,2025-01-29 08:13:55.805318,Poster,14.41
ORDER00635,CUST0228,2025-05-20 08:13:55.805318,Greeting Card,5.53
ORDER00636,CUST0009,2025-10-11 08:13:55.805318,Flyer,11.29
ORDER00637,CUST0166,2024-11-18 08:13:55.805318,Business Card,13.87
ORDER00638,CUST0214,2024-12-08 08:13:55.805318,Greeting Card,5.09
ORDER00639,CUST0117,2025-03-05 08:13:55.805318,Canvas Print,35.27
ORDER00640,CUST0072,2025-04-21 08:13:55.805318,Business Card,10.83
ORDER00641,CUST0064,2025-03-20 08:13:55.805318,Business Card,11.02
ORDER00642,CUST0205,2025-06-29 08:13:55.805318,Greeting Card,5.19
ORDER00643,CUST0209,2025-06-07 08:13:55.805318,Photo Book,20.33
ORDER00644,CUST0072,2025-03-05 08:13:55.805318,Greeting Card,5.27
ORDER00645,CUST0277,2024-12-27 08:13:55.805318,Business Card,11.35
ORDER00646,CUST0274,2025-03-27 08:13:55.805318,Canvas Print,36.72
ORDER00647,CUST0095,2025-09-12 08:13:55.805318,Business Card,13.82
ORDER00648,CUST0166,2025-10-26 08:13:55.805318,Canvas Print,39.36
ORDER00649,CUST0032,2024-10-31 08:13:55.805318,Poster,12.57
ORDER00650,CUST0011,2025-10-13 08:13:55.805318,Flyer,11.31
ORDER00651,CUST0217,2025-05-08 08:13:55.805318,Business Card,9.83
ORDER00652,CUST0289,2025-05-09 08:13:55.805318,Greeting Card,5.45
ORDER00653,CUST0102,2025-09-07 08:13:55.805318,Poster,16.64
ORDER00654,CUST0267,2025-02-24 08:13:55.805318,Flyer,9.41
ORDER00655,CUST0214,2025-03-13 08:13:55.805318,Greeting Card,5.65
ORDER00656,CUST0179,2024-12-27 08:13:55.805318,Photo Book,25.16
ORDER00657,CUST0088,2024-12-13 08:13:55.805318,Greeting Card,4.93
ORDER00658,CUST0041,2025-04-21 08:13:55.805318,Canvas Print,32.73
ORDER00659,CUST0076,2025-04-08 08:13:55.805318,Canvas Print,36.64
ORDER00660,CUST0046,2025-04-21 08:13:55.805318,Photo Book,29.31
ORDER00661,CUST0160,2025-09-12 08:13:55.805318,Poster,14.35
ORDER00662,CUST0080,2025-08-29 08:13:55.805318,Flyer,10.19
ORDER00663,CUST0086,2025-03-28 08:13:55.805318,Greeting Card,5.06
ORDER00664,CUST0092,2025-01-18 08:13:55.805318,Canvas Print,41.45
ORDER00665,CUST0148,2025-05-31 08:13:55.805318,Poster,12.37
ORDER00666,CUST0161,2025-05-21 08:13:55.805318,Photo Book,23.62
ORDER00667,CUST0202,2025-07-09 08:13:55.805318,Business Card,13.07
ORDER00668,CUST0242,2025-06-16 08:13:55.805318,Canvas Print,35.21
ORDER00669,CUST0002,2025-04-12 08:13:55.805318,Photo Book,22.04
ORDER00670,CUST0225,2025-06-14 08:13:55.805318,Greeting Card,4.02
ORDER00671,CUST0289,2025-03-26 08:13:55.805318,Flyer,9.75
ORDER00672,CUST0233,2024-11-19 08:13:55.805318,Canvas Print,46.12
ORDER00673,CUST0077,2024-12-16 08:13:55.805318,Canvas Print,32.83
ORDER00674,CUST0116,2025-06-20 08:13:55.805318,Greeting Card,4.38
ORDER00675,CUST0154,2025-08-31 08:13:55.805318,Business Card,11.09
ORDER00676,CUST0103,2024-11-13 08:13:55.805318,Poster,16.39
ORDER00677,CUST0194,2025-03-22 08:13:55.805318,Flyer,10.56
ORDER00678,CUST0166,2024-10-31 08:13:55.805318,Canvas Print,38.66
ORDER00679,CUST0090,2024-12-23 08:13:55.805318,Flyer,11.04
ORDER00680,CUST0174,2025-07-16 08:13:55.805318,Canvas Print,41.75
ORDER00681,CUST0122,2025-03-23 08:13:55.805318,Flyer,11.58
ORDER00682,CUST0143,2024-11-11 08:13:55.805318,Photo Book,28.18
ORDER00683,CUST0106,2025-09-25 08:13:55.805318,Canvas Print,36.05
ORDER00684,CUST0123,2025-06-11 08:13:55.805318,Flyer,9.09
ORDER00685,CUST0009,2025-07-29 08:13:55.805318,Poster,12.75
ORDER00686,CUST0262,2025-10-23 08:13:55.805318,Photo Book,23.37
ORDER00687,CUST0073,2025-04-04 08:13:55.805318,Photo Book,30.0
ORDER00688,CUST0223,2024-11-07 08:13:55.805318,Poster,14.43
ORDER00689,CUST0041,2025-03-01 08:13:55.805318,Flyer,8.88
ORDER00690,CUST0204,2025-10-13 08:13:55.805318,Greeting Card,5.52
ORDER00691,CUST0264,2025-04-12 08:13:55.805318,Poster,15.25
ORDER00692,CUST0178,2025-01-28 08:13:55.805318,Flyer,8.6
ORDER00693,CUST0084,2025-03-15 08:13:55.805318,Poster,14.28
ORDER00694,CUST0111,2025-05-04 08:13:55.805318,Poster,14.49
ORDER00695,CUST0251,2025-09-11 08:13:55.805318,Canvas Print,44.06
ORDER00696,CUST0007,2025-04-26 08:13:55.805318,Flyer,8.08
ORDER00697,CUST0084,2024-11-27 08:13:55.805318,Greeting Card,4.54
ORDER00698,CUST0208,2025-06-07 08:13:55.805318,Canvas Print,40.28
ORDER00699,CUST0022,2025-10-22 08:13:55.805318,Poster,13.61
ORDER00700,CUST0003,2024-12-10 08:13:55.805318,Business Card,12.62
ORDER00701,CUST0127,2025-06-15 08:13:55.805318,Poster,14.89
ORDER00702,CUST0297,2025-05-10 08:13:55.805318,Poster,14.17
ORDER00703,CUST0188,2025-03-24 08:13:55.805318,Flyer,11.8
ORDER00704,CUST0014,2025-05-19 08:13:55.805318,Flyer,10.53
ORDER00705,CUST0012,2025-05-30 08:13:55.805318,Canvas Print,34.08
ORDER00706,CUST0087,2025-06-07 08:13:55.805318,Greeting Card,5.12
ORDER00707,CUST0012,2025-06-27 08:13:55.805318,Canvas Print,44.49
ORDER00708,CUST0025,2024-12-15 08:13:55.805318,Photo Book,27.08
ORDER00709,CUST0243,2024-12-04 08:13:55.805318,Poster,13.03
ORDER00710,CUST0122,2025-07-10 08:13:55.805318,Business Card,14.27
ORDER00711,CUST0147,2025-01-20 08:13:55.805318,Poster,14.69
ORDER00712,CUST0055,2025-07-13 08:13:55.805318,Poster,12.95
ORDER00713,CUST0238,2025-05-15 08:13:55.805318,Canvas Print,34.88
ORDER00714,CUST0173,2025-08-29 08:13:55.805318,Business Card,10.07
ORDER00715,CUST0221,2024-11-09 08:13:55.805318,Business Card,13.46
ORDER00716,CUST0119,2025-09-07 08:13:55.805318,Business Card,10.19
ORDER00717,CUST0183,2025-08-12 08:13:55.805318,Canvas Print,34.0
ORDER00718,CUST0288,2025-06-29 08:13:55.805318,Poster,17.1
ORDER00719,CUST0300,2025-07-08 08:13:55.805318,Canvas Print,37.51
ORDER00720,CUST0082,2025-10-30 08:13:55.805318,Flyer,8.12
ORDER00721,CUST0211,2024-11-04 08:13:55.805318,Flyer,8.21
ORDER00722,CUST0150,2025-02-26 08:13:55.805318,Canvas Print,34.27
ORDER00723,CUST0037,2025-08-15 08:13:55.805318,Business Card,10.62
ORDER00724,CUST0059,2025-01-03 08:13:55.805318,Poster,15.99
ORDER00725,CUST0131,2025-03-25 08:13:55.805318,Canvas Print,34.52
ORDER00726,CUST0202,2025-06-11 08:13:55.805318,Canvas Print,33.9
ORDER00727,CUST0243,2025-06-26 08:13:55.805318,Canvas Print,44.24
ORDER00728,CUST0035,2025-04-25 08:13:55.805318,Photo Book,26.71
ORDER00729,CUST0093,2025-07-24 08:13:55.805318,Flyer,9.74
ORDER00730,CUST0207,2025-10-06 08:13:55.805318,Business Card,12.24
ORDER00731,CUST0213,2025-08-08 08:13:55.805318,Greeting Card,4.62
ORDER00732,CUST0159,2025-01-01 08:13:55.805318,Business Card,11.92
ORDER00733,CUST0024,2025-06-04 08:13:55.805318,Greeting Card,5.01
ORDER00734,CUST0293,2025-10-07 08:13:55.805318,Photo Book,23.87
ORDER00735,CUST0004,2025-09-10 08:13:55.805318,Canvas Print,46.51
ORDER00736,CUST0220,2025-08-09 08:13:55.805318,Photo Book,20.16
ORDER00737,CUST0020,2025-04-25 08:13:55.805318,Photo Book,27.82
ORDER00738,CUST0152,2025-02-05 08:13:55.805318,Poster,12.75
ORDER00739,CUST0050,2025-02-12 08:13:55.805318,Flyer,11.19
ORDER00740,CUST0177,2025-02-06 08:13:55.805318,Greeting Card,5.23
ORDER00741,CUST0096,2025-09-06 08:13:55.805318,Canvas Print,45.49
ORDER00742,CUST0105,2024-11-05 08:13:55.805318,Greeting Card,4.2
ORDER00743,CUST0250,2025-05-15 08:13:55.805318,Business Card,12.28
ORDER00744,CUST0117,2025-10-16 08:13:55.805318,Greeting Card,5.0
ORDER00745,CUST0228,2025-03-12 08:13:55.805318,Business Card,12.99
ORDER00746,CUST0066,2025-10-23 08:13:55.805318,Flyer,10.14
ORDER00747,CUST0262,2025-07-16 08:13:55.805318,Business Card,12.2
ORDER00748,CUST0295,2024-11-22 08:13:55.805318,Greeting Card,4.86
ORDER00749,CUST0243,2024-12-22 08:13:55.805318,Greeting Card,4.62
ORDER00750,CUST0186,2025-04-13 08:13:55.805318,Business Card,11.91
ORDER00751,CUST0246,2025-05-20 08:13:55.805318,Photo Book,21.18
ORDER00752,CUST0125,2025-01-21 08:13:55.805318,Flyer,11.85
ORDER00753,CUST0268,2025-03-24 08:13:55.805318,Poster,16.29
ORDER00754,CUST0131,2025-01-23 08:13:55.805318,Canvas Print,47.24
ORDER00755,CUST0237,2025-01-16 08:13:55.805318,Greeting Card,4.45
ORDER00756,CUST0018,2024-10-31 08:13:55.805318,Canvas Print,46.07
ORDER00757,CUST0040,2024-12-20 08:13:55.805318,Poster,16.85
ORDER00758,CUST0021,2025-04-21 08:13:55.805318,Canvas Print,42.83
ORDER00759,CUST0225,2025-05-23 08:13:55.805318,Poster,15.75
ORDER00760,CUST0282,2025-07-17 08:13:55.805318,Business Card,11.12
ORDER00761,CUST0008,2025-08-14 08:13:55.805318,Photo Book,28.16
ORDER00762,CUST0100,2024-12-03 08:13:55.805318,Greeting Card,5.0
ORDER00763,CUST0240,2025-10-13 08:13:55.805318,Poster,12.43
ORDER00764,CUST0087,2025-02-02 08:13:55.805318,Canvas Print,37.01
ORDER00765,CUST0298,2025-01-10 08:13:55.805318,Greeting Card,5.87
ORDER00766,CUST0014,2024-12-08 08:13:55.805318,Photo Book,28.51
ORDER00767,CUST0002,2025-04-02 08:13:55.805318,Business Card,14.31
ORDER00768,CUST0293,2025-07-07 08:13:55.805318,Greeting Card,5.26
ORDER00769,CUST0041,2025-04-10 08:13:55.805318,Poster,13.49
ORDER00770,CUST0111,2025-02-25 08:13:55.805318,Photo Book,21.63
ORDER00771,CUST0014,2025-07-16 08:13:55.805318,Canvas Print,34.99
ORDER00772,CUST0231,2025-09-01 08:13:55.805318,Photo Book,20.2
ORDER00773,CUST0084,2025-07-25 08:13:55.805318,Photo Book,23.91
ORDER00774,CUST0130,2024-12-23 08:13:55.805318,Flyer,8.77
ORDER00775,CUST0231,2025-06-23 08:13:55.805318,Photo Book,24.12
ORDER00776,CUST0145,2025-06-09 08:13:55.805318,Photo Book,29.35
ORDER00777,CUST0028,2025-07-08 08:13:55.805318,Greeting Card,4.86
ORDER00778,CUST0066,2025-09-08 08:13:55.805318,Canvas Print,46.05
ORDER00779,CUST0163,2025-02-19 08:13:55.805318,Greeting Card,5.21
ORDER00780,CUST0229,2025-07-12 08:13:55.805318,Greeting Card,4.49
ORDER00781,CUST0261,2025-08-29 08:13:55.805318,Poster,14.14
ORDER00782,CUST0164,2025-05-25 08:13:55.805318,Greeting Card,4.17
ORDER00783,CUST0287,2025-06-16 08:13:55.805318,Flyer,9.33
ORDER00784,CUST0010,2025-10-06 08:13:55.805318,Flyer,10.71
ORDER00785,CUST0195,2025-01-04 08:13:55.805318,Poster,12.43
ORDER00786,CUST0118,2025-01-13 08:13:55.805318,Business Card,10.59
ORDER00787,CUST0270,2025-02-10 08:13:55.805318,Canvas Print,38.1
ORDER00788,CUST0080,2025-05-10 08:13:55.805318,Canvas Print,47.71
ORDER00789,CUST0093,2025-07-09 08:13:55.805318,Greeting Card,5.57
ORDER00790,CUST0266,2025-06-13 08:13:55.805318,Greeting Card,5.47
ORDER00791,CUST0257,2025-08-20 08:13:55.805318,Business Card,10.16
ORDER00792,CUST0133,2025-09-01 08:13:55.805318,Greeting Card,5.56
ORDER00793,CUST0276,2025-02-05 08:13:55.805318,Canvas Print,44.56
ORDER00794,CUST0264,2025-10-03 08:13:55.805318,Photo Book,26.01
ORDER00795,CUST0171,2025-08-12 08:13:55.805318,Flyer,11.96
ORDER00796,CUST0001,2025-09-30 08:13:55.805318,Photo Book,23.25
ORDER00797,CUST0064,2025-10-12 08:13:55.805318,Photo Book,29.41
ORDER00798,CUST0284,2025-09-03 08:13:55.805318,Canvas Print,46.64
ORDER00799,CUST0121,2025-07-06 08:13:55.805318,Photo Book,20.11
ORDER00800,CUST0107,2025-04-14 08:13:55.805318,Business Card,11.76
ORDER00801,CUST0175,2025-09-30 08:13:55.805318,Poster,17.86
ORDER00802,CUST0204,2024-11-29 08:13:55.805318,Greeting Card,4.21
ORDER00803,CUST0165,2025-07-04 08:13:55.805318,Poster,15.29
ORDER00804,CUST0120,2025-02-13 08:13:55.805318,Flyer,11.92
ORDER00805,CUST0044,2024-12-20 08:13:55.805318,Greeting Card,5.11
ORDER00806,CUST0156,2025-01-19 08:13:55.805318,Photo Book,21.9
ORDER00807,CUST0207,2025-03-12 08:13:55.805318,Flyer,10.33
ORDER00808,CUST0108,2025-08-11 08:13:55.805318,Greeting Card,4.41
ORDER00809,CUST0251,2025-03-17 08:13:55.805318,Business Card,12.09
ORDER00810,CUST0130,2025-05-02 08:13:55.805318,Business Card,9.96
ORDER00811,CUST0293,2025-09-25 08:13:55.805318,Business Card,12.51
ORDER00812,CUST0020,2025-07-30 08:13:55.805318,Business Card,12.08
ORDER00813,CUST0282,2025-10-05 08:13:55.805318,Photo Book,27.4
ORDER00814,CUST0285,2025-01-07 08:13:55.805318,Poster,15.78
ORDER00815,CUST0001,2024-12-03 08:13:55.805318,Greeting Card,5.1
ORDER00816,CUST0119,2025-07-19 08:13:55.805318,Photo Book,26.9
ORDER00817,CUST0035,2024-12-22 08:13:55.805318,Business Card,10.29
ORDER00818,CUST0198,2025-05-23 08:13:55.805318,Poster,15.57
ORDER00819,CUST0245,2025-03-05 08:13:55.805318,Flyer,8.69
ORDER00820,CUST0059,2025-06-22 08:13:55.805318,Flyer,11.7
ORDER00821,CUST0161,2024-12-12 08:13:55.805318,Flyer,8.27
ORDER00822,CUST0179,2025-06-27 08:13:55.805318,Business Card,11.67
ORDER00823,CUST0206,2025-02-18 08:13:55.805318,Flyer,10.78
ORDER00824,CUST0012,2025-07-06 08:13:55.805318,Canvas Print,39.33
ORDER00825,CUST0276,2025-03-30 08:13:55.805318,Greeting Card,4.18
ORDER00826,CUST0181,2025-05-01 08:13:55.805318,Greeting Card,5.11
ORDER00827,CUST0242,2025-10-01 08:13:55.805318,Business Card,12.68
ORDER00828,CUST0216,2025-02-02 08:13:55.805318,Canvas Print,43.26
ORDER00829,CUST0251,2024-11-07 08:13:55.805318,Photo Book,23.73
ORDER00830,CUST0299,2025-10-25 08:13:55.805318,Photo Book,25.64
ORDER00831,CUST0126,2025-05-02 08:13:55.805318,Flyer,9.8
ORDER00832,CUST0217,2025-08-07 08:13:55.805318,Poster,16.03
ORDER00833,CUST0285,2025-05-13 08:13:55.805318,Photo Book,25.84
ORDER00834,CUST0185,2025-10-17 08:13:55.805318,Poster,15.15
ORDER00835,CUST0039,2025-05-13 08:13:55.805318,Greeting Card,4.5
ORDER00836,CUST0223,2025-04-03 08:13:55.805318,Poster,12.01
ORDER00837,CUST0184,2025-01-31 08:13:55.805318,Greeting Card,4.35
ORDER00838,CUST0178,2025-04-08 08:13:55.805318,Canvas Print,33.87
ORDER00839,CUST0294,2024-12-30 08:13:55.805318,Canvas Print,39.19
ORDER00840,CUST0151,2025-03-01 08:13:55.805318,Business Card,12.54
ORDER00841,CUST0126,2024-12-20 08:13:55.805318,Business Card,10.62
ORDER00842,CUST0234,2025-08-03 08:13:55.805318,Flyer,11.76
ORDER00843,CUST0008,2024-11-04 08:13:55.805318,Photo Book,20.07
ORDER00844,CUST0129,2025-01-30 08:13:55.805318,Flyer,11.09
ORDER00845,CUST0264,2025-04-18 08:13:55.805318,Greeting Card,5.25
ORDER00846,CUST0157,2025-09-12 08:13:55.805318,Flyer,9.49
ORDER00847,CUST0005,2024-11-21 08:13:55.805318,Poster,12.3
ORDER00848,CUST0086,2025-09-21 08:13:55.805318,Greeting Card,5.25
ORDER00849,CUST0175,2024-10-31 08:13:55.805318,Business Card,11.45
ORDER00850,CUST0290,2025-03-12 08:13:55.805318,Canvas Print,46.98
ORDER00851,CUST0193,2025-06-20 08:13:55.805318,Business Card,12.2
ORDER00852,CUST0119,2024-11-11 08:13:55.805318,Photo Book,29.4
ORDER00853,CUST0218,2025-10-11 08:13:55.805318,Greeting Card,4.44
ORDER00854,CUST0114,2024-12-15 08:13:55.805318,Greeting Card,5.45
ORDER00855,CUST0145,2024-12-03 08:13:55.805318,Poster,15.7
ORDER00856,CUST0026,2025-01-16 08:13:55.805318,Photo Book,27.39
ORDER00857,CUST0136,2025-06-05 08:13:55.805318,Canvas Print,35.43
ORDER00858,CUST0232,2025-08-27 08:13:55.805318,Greeting Card,5.33
ORDER00859,CUST0076,2025-01-11 08:13:55.805318,Greeting Card,5.0
ORDER00860,CUST0289,2025-08-08 08:13:55.805318,Poster,16.46
ORDER00861,CUST0001,2025-07-06 08:13:55.805318,Flyer,9.31
ORDER00862,CUST0147,2024-12-16 08:13:55.805318,Canvas Print,46.24
ORDER00863,CUST0287,2025-02-28 08:13:55.805318,Business Card,10.0
ORDER00864,CUST0142,2025-06-01 08:13:55.805318,Photo Book,28.07
ORDER00865,CUST0053,2025-06-26 08:13:55.805318,Greeting Card,5.72
ORDER00866,CUST0069,2024-12-25 08:13:55.805318,Greeting Card,5.63
ORDER00867,CUST0090,2025-10-15 08:13:55.805318,Business Card,12.06
ORDER00868,CUST0220,2025-02-14 08:13:55.805318,Canvas Print,39.01
ORDER00869,CUST0192,2025-09-14 08:13:55.805318,Flyer,11.99
ORDER00870,CUST0063,2024-12-17 08:13:55.805318,Greeting Card,4.46
ORDER00871,CUST0073,2024-12-30 08:13:55.805318,Canvas Print,40.75
ORDER00872,CUST0161,2025-10-02 08:13:55.805318,Business Card,12.82
ORDER00873,CUST0169,2024-11-25 08:13:55.805318,Poster,16.21
ORDER00874,CUST0089,2025-08-18 08:13:55.805318,Flyer,8.82
ORDER00875,CUST0176,2025-07-14 08:13:55.805318,Photo Book,26.54
ORDER00876,CUST0269,2024-11-07 08:13:55.805318,Greeting Card,5.64
ORDER00877,CUST0073,2025-02-20 08:13:55.805318,Canvas Print,32.8
ORDER00878,CUST0245,2025-10-20 08:13:55.805318,Poster,17.47
ORDER00879,CUST0077,2025-07-10 08:13:55.805318,Photo Book,20.3
ORDER00880,CUST0159,2025-04-28 08:13:55.805318,Canvas Print,37.7
ORDER00881,CUST0098,2025-05-25 08:13:55.805318,Canvas Print,32.25
ORDER00882,CUST0102,2025-08-29 08:13:55.805318,Photo Book,20.77
ORDER00883,CUST0132,2025-03-06 08:13:55.805318,Poster,17.47
ORDER00884,CUST0102,2024-12-25 08:13:55.805318,Business Card,11.3
ORDER00885,CUST0019,2025-06-01 08:13:55.805318,Poster,14.55
ORDER00886,CUST0082,2024-11-13 08:13:55.805318,Flyer,8.86
ORDER00887,CUST0279,2024-11-27 08:13:55.805318,Greeting Card,5.19
ORDER00888,CUST0129,2025-01-16 08:13:55.805318,Photo Book,25.95
ORDER00889,CUST0089,2025-06-03 08:13:55.805318,Business Card,11.39
ORDER00890,CUST0213,2025-10-30 08:13:55.805318,Photo Book,23.33
ORDER00891,CUST0143,2025-04-02 08:13:55.805318,Photo Book,28.85
ORDER00892,CUST0065,2024-11-13 08:13:55.805318,Poster,14.3
ORDER00893,CUST0076,2025-05-05 08:13:55.805318,Greeting Card,4.99
ORDER00894,CUST0199,2025-09-07 08:13:55.805318,Flyer,9.13
ORDER00895,CUST0143,2024-11-06 08:13:55.805318,Canvas Print,44.59
ORDER00896,CUST0093,2024-11-02 08:13:55.805318,Canvas Print,38.36
ORDER00897,CUST0224,2025-02-18 08:13:55.805318,Photo Book,25.14
ORDER00898,CUST0291,2025-06-25 08:13:55.805318,Greeting Card,4.51
ORDER00899,CUST0102,2025-10-28 08:13:55.805318,Business Card,14.34
ORDER00900,CUST0267,2025-06-26 08:13:55.805318,Poster,13.75
ORDER00901,CUST0110,2025-07-31 08:13:55.805318,Greeting Card,5.54
ORDER00902,CUST0265,2025-08-20 08:13:55.805318,Greeting Card,4.85
ORDER00903,CUST0003,2025-06-14 08:13:55.805318,Poster,13.24
ORDER00904,CUST0085,2024-11-14 08:13:55.805318,Photo Book,28.0
ORDER00905,CUST0282,2025-05-10 08:13:55.805318,Greeting Card,4.67
ORDER00906,CUST0117,2025-02-26 08:13:55.805318,Canvas Print,45.84
ORDER00907,CUST0221,2024-11-27 08:13:55.805318,Poster,17.49
ORDER00908,CUST0154,2025-05-20 08:13:55.805318,Business Card,13.73
ORDER00909,CUST0153,2024-12-08 08:13:55.805318,Flyer,8.14
ORDER00910,CUST0012,2025-07-30 08:13:55.805318,Photo Book,27.87
ORDER00911,CUST0133,2025-06-18 08:13:55.805318,Poster,14.47
ORDER00912,CUST0293,2025-01-24 08:13:55.805318,Flyer,11.49
ORDER00913,CUST0300,2025-03-05 08:13:55.805318,Flyer,10.55
ORDER00914,CUST0228,2025-08-26 08:13:55.805318,Business Card,13.6
ORDER00915,CUST0271,2024-11-24 08:13:55.805318,Greeting Card,5.0
ORDER00916,CUST0043,2025-03-24 08:13:55.805318,Business Card,12.17
ORDER00917,CUST0021,2024-11-12 08:13:55.805318,Greeting Card,4.29
ORDER00918,CUST0107,2025-05-30 08:13:55.805318,Greeting Card,5.57
ORDER00919,CUST0117,2024-11-24 08:13:55.805318,Poster,14.52
ORDER00920,CUST0124,2025-01-06 08:13:55.805318,Poster,15.0
ORDER00921,CUST0281,2025-01-05 08:13:55.805318,Photo Book,27.85
ORDER00922,CUST0292,2025-06-20 08:13:55.805318,Greeting Card,5.2
ORDER00923,CUST0203,2025-02-16 08:13:55.805318,Flyer,8.8
ORDER00924,CUST0051,2025-03-25 08:13:55.805318,Canvas Print,41.44
ORDER00925,CUST0271,2025-02-18 08:13:55.805318,Photo Book,24.08
ORDER00926,CUST0277,2025-06-15 08:13:55.805318,Poster,14.82
ORDER00927,CUST0141,2025-02-18 08:13:55.805318,Business Card,9.74
ORDER00928,CUST0275,2024-12-03 08:13:55.805318,Photo Book,22.1
ORDER00929,CUST0290,2025-02-18 08:13:55.805318,Photo Book,22.81
ORDER00930,CUST0052,2025-07-21 08:13:55.805318,Photo Book,27.13
ORDER00931,CUST0027,2025-06-23 08:13:55.805318,Photo Book,20.11
ORDER00932,CUST0157,2025-01-21 08:13:55.805318,Canvas Print,38.54
ORDER00933,CUST0239,2024-12-11 08:13:55.805318,Business Card,14.04
ORDER00934,CUST0156,2025-02-08 08:13:55.805318,Business Card,10.14
ORDER00935,CUST0291,2024-11-05 08:13:55.805318,Business Card,12.08
ORDER00936,CUST0136,2025-04-28 08:13:55.805318,Greeting Card,5.57
ORDER00937,CUST0144,2025-08-08 08:13:55.805318,Flyer,11.77
ORDER00938,CUST0106,2025-09-15 08:13:55.805318,Business Card,13.18
ORDER00939,CUST0158,2025-06-13 08:13:55.805318,Photo Book,27.21
ORDER00940,CUST0146,2025-09-10 08:13:55.805318,Photo Book,28.26
ORDER00941,CUST0002,2025-10-30 08:13:55.805318,Business Card,11.74
ORDER00942,CUST0077,2025-06-16 08:13:55.805318,Business Card,13.47
ORDER00943,CUST0132,2025-08-15 08:13:55.805318,Photo Book,20.08
ORDER00944,CUST0090,2025-03-29 08:13:55.805318,Greeting Card,5.85
ORDER00945,CUST0263,2025-08-03 08:13:55.805318,Poster,14.66
ORDER00946,CUST0108,2025-05-16 08:13:55.805318,Poster,15.32
ORDER00947,CUST0074,2025-01-08 08:13:55.805318,Business Card,10.82
ORDER00948,CUST0039,2025-02-19 08:13:55.805318,Canvas Print,43.88
ORDER00949,CUST0159,2024-11-03 08:13:55.805318,Business Card,9.97
ORDER00950,CUST0071,2025-10-15 08:13:55.805318,Business Card,13.79
ORDER00951,CUST0241,2025-09-26 08:13:55.805318,Poster,16.97
ORDER00952,CUST0298,2025-09-13 08:13:55.805318,Photo Book,22.16
ORDER00953,CUST0036,2025-10-15 08:13:55.805318,Business Card,13.48
ORDER00954,CUST0084,2025-02-02 08:13:55.805318,Photo Book,27.86
ORDER00955,CUST0263,2025-03-31 08:13:55.805318,Photo Book,26.32
ORDER00956,CUST0172,2025-09-06 08:13:55.805318,Canvas Print,37.98
ORDER00957,CUST0173,2025-03-16 08:13:55.805318,Photo Book,22.71
ORDER00958,CUST0047,2025-07-04 08:13:55.805318,Poster,13.39
ORDER00959,CUST0141,2025-06-30 08:13:55.805318,Greeting Card,4.64
ORDER00960,CUST0118,2024-11-30 08:13:55.805318,Greeting Card,5.81
ORDER00961,CUST0277,2024-12-09 08:13:55.805318,Flyer,8.31
ORDER00962,CUST0214,2025-06-16 08:13:55.805318,Business Card,13.58
ORDER00963,CUST0220,2024-12-05 08:13:55.805318,Poster,14.09
ORDER00964,CUST0026,2025-06-10 08:13:55.805318,Photo Book,25.22
ORDER00965,CUST0009,2024-11-05 08:13:55.805318,Greeting Card,5.59
ORDER00966,CUST0271,2025-09-17 08:13:55.805318,Poster,17.31
ORDER00967,CUST0010,2025-06-07 08:13:55.805318,Greeting Card,4.69
ORDER00968,CUST0121,2025-01-13 08:13:55.805318,Photo Book,24.62
ORDER00969,CUST0125,2024-11-03 08:13:55.805318,Greeting Card,4.83
ORDER00970,CUST0170,2025-09-30 08:13:55.805318,Business Card,9.66
ORDER00971,CUST0072,2025-03-13 08:13:55.805318,Business Card,11.02
ORDER00972,CUST0152,2025-02-25 08:13:55.805318,Flyer,9.84
ORDER00973,CUST0208,2025-02-01 08:13:55.805318,Flyer,9.64
ORDER00974,CUST0049,2024-12-31 08:13:55.805318,Greeting Card,5.44
ORDER00975,CUST0154,2025-05-12 08:13:55.805318,Poster,14.31
ORDER00976,CUST0293,2025-09-30 08:13:55.805318,Business Card,11.95
ORDER00977,CUST0068,2025-05-21 08:13:55.805318,Poster,14.58
ORDER00978,CUST0050,2024-11-25 08:13:55.805318,Poster,16.44
ORDER00979,CUST0152,2025-04-21 08:13:55.805318,Greeting Card,5.73
ORDER00980,CUST0019,2025-08-26 08:13:55.805318,Poster,15.19
ORDER00981,CUST0100,2025-03-12 08:13:55.805318,Business Card,13.39
ORDER00982,CUST0060,2025-09-21 08:13:55.805318,Photo Book,22.97
ORDER00983,CUST0167,2025-02-25 08:13:55.805318,Flyer,10.17
ORDER00984,CUST0202,2025-09-19 08:13:55.805318,Photo Book,23.45
ORDER00985,CUST0146,2025-08-01 08:13:55.805318,Poster,14.49
ORDER00986,CUST0164,2025-05-30 08:13:55.805318,Photo Book,27.32
ORDER00987,CUST0242,2025-06-12 08:13:55.805318,Business Card,13.83
ORDER00988,CUST0069,2024-11-19 08:13:55.805318,Business Card,10.18
ORDER00989,CUST0175,2025-02-20 08:13:55.805318,Poster,15.81
ORDER00990,CUST0049,2025-03-19 08:13:55.805318,Greeting Card,5.16
ORDER00991,CUST0108,2024-12-16 08:13:55.805318,Photo Book,21.18
ORDER00992,CUST0226,2024-10-31 08:13:55.805318,Greeting Card,4.42
ORDER00993,CUST0161,2025-01-28 08:13:55.805318,Greeting Card,4.62
ORDER00994,CUST0119,2025-03-21 08:13:55.805318,Canvas Print,34.67
ORDER00995,CUST0149,2025-09-15 08:13:55.805318,Poster,13.46
ORDER00996,CUST0150,2024-12-07 08:13:55.805318,Flyer,9.07
ORDER00997,CUST0293,2025-08-19 08:13:55.805318,Business Card,11.21
ORDER00998,CUST0143,2025-03-18 08:13:55.805318,Business Card,13.2
ORDER00999,CUST0160,2025-10-21 08:13:55.805318,Poster,15.43
ORDER01000,CUST0011,2025-09-28 08:13:55.805318,Flyer,11.94
